achievement,benevolence,conformity,hedonism,power,security,self-direction,stimulation,tradition,universalism
ArtefactPorn,F1Porn,buildapcsales,COVID19,Awwducational,CulinaryPlating,WarshipPorn,COVID19,buildapcsales,buildapcsales
CulinaryPlating,buildapcsales,bapcsalescanada,ArtefactPorn,COVID19,fashionhistory,WarplanePorn,ArtefactPorn,bapcsalescanada,NameThatSong
IsraelCrimes,spotted,CulinaryPlating,gundeals,CulinaryPlating,MUAontheCheap,whatisthisfish,syriancivilwar,COVID19,spotted
NavelNSFW,VinylDeals,VinylDeals,BattlePaintings,ScientificNutrition,NameThatSong,policeporn,BattlePaintings,GameboyMarketplace,F1Porn
HardcoreNature,sneakermarket,longevity,policeporn,Naturewasmetal,VinylDeals,Naturewasmetal,gundeals,Pixiv,carporn
sneakermarket,Watchexchange,astrophotography,UkraineRussiaReport,EarthPorn,buildapcsales,WWIIplanes,DestroyedTanks,3dprintingdeals,LaptopDeals
fashionhistory,EarthPorn,RenewableEnergy,Pixiv,megafaunarewilding,mangadeals,whatsthisbird,UkraineRussiaReport,LitecoinMarkets,Watchexchange
whatisthisanimal,CulinaryPlating,Pixiv,WarshipPorn,askscience,GameboyMarketplace,whatisthisanimal,CatastrophicFailure,gundeals,bapcsalescanada
gundeals,CityPorn,GameboyMarketplace,MilitaryPorn,science,FrugalFemaleFashion,animalid,Awwducational,RenewableEnergy,gundeals
EarthPorn,NameThatSong,LaptopDeals,DestroyedTanks,ArtefactPorn,F1Porn,fossilid,AfghanConflict,iOSBeta,sneakermarket
CatastrophicFailure,Pixiv,LitecoinMarkets,CatastrophicFailure,Anthropology,frugalmalefashion,MilitaryPorn,IsraelCrimes,bugs,Fixxit
CreepyWikipedia,astrophotography,spaceporn,whatisthisthing,evolution,sneakermarket,DestroyedTanks,CombatFootage,AskEconomics,VideoGameDealsCanada
MoissaniteBST,ebookdeals,F1Porn,CombatFootage,HardcoreNature,KpopFashion,TankPorn,warinukraine,CoronavirusColorado,MotorcyclePorn
whatisthisthing,bapcsalescanada,NintendoSwitchDeals,Awwducational,TheDepthsBelow,footballhighlights,SpecOpsArchive,CulinaryPlating,BitcoinMarkets,whatisthiscar
VinylDeals,carporn,sneakermarket,syriancivilwar,EverythingScience,LaptopDeals,HardcoreNature,Lost_Architecture,DestroyedTanks,KpopFashion
itookapicture,Monikafandom,gundeals,warinukraine,NatureIsFuckingLit,NintendoSwitchDeals,CombatFootage,policeporn,WeirdWings,VinylDeals
animalid,itookapicture,mangadeals,Coronavirus,52weeksofcooking,legodeal,fossils,MilitaryPorn,applemaps,BmwTech
natureismetal,gundeals,COVID19,GermanWW2photos,astrophotography,bapcsalescanada,megafaunarewilding,Coronavirus,churningcanada,mangadeals
legodeal,ToFizzOrNotToFizz,space,buildapcsales,AskBibleScholars,ScientificNutrition,BattlePaintings,wwiipics,windowsinsiders,applehelp
Lost_Architecture,whatisthisfish,EarthPorn,wwiipics,Archaeology,imax,whatsthissnake,science,ClimateActionPlan,GameboyMarketplace
